{"cameraMode":{"drawMode":0,"name":"Shaded","section":"Shading Mode"},"sceneLighting":false,"audioPlay":false,"sceneViewState":{"m_AlwaysRefresh":false,"showFog":true,"showSkybox":false,"showFlares":true,"showImageEffects":true,"showParticleSystems":true,"showVisualEffectGraphs":true,"m_FxEnabled":true},"in2DMode":false,"pivot":{"x":-2.0590572357177736,"y":1.5155450105667115,"z":1.9793663024902344},"rotation":{"x":0.6164438724517822,"y":-0.09383992850780487,"z":0.07433183491230011,"w":0.7782518863677979},"size":20.22369956970215,"orthographic":true}