{"cameraMode":{"drawMode":0,"name":"Shaded","section":"Shading Mode"},"sceneLighting":false,"audioPlay":false,"sceneViewState":{"m_AlwaysRefresh":false,"showFog":true,"showSkybox":false,"showFlares":true,"showImageEffects":true,"showParticleSystems":true,"showVisualEffectGraphs":true,"m_FxEnabled":true},"in2DMode":false,"pivot":{"x":-6.494007110595703,"y":3.1422762870788576,"z":0.007836222648620606},"rotation":{"x":-0.3263203501701355,"y":-0.5115540623664856,"z":0.21837694942951203,"w":-0.7643243074417114},"size":4.640174388885498,"orthographic":true}